City_ID,City,Lat,Lng,Max Temp,Humidity,Cloudiness,Wind Speed,Country,Date
0,codrington,-38.2667,141.9667,54.95,93,100,4.07,AU,1669822636
1,nanortalik,60.1432,-45.2371,29.71,84,63,15.7,GL,1669822636
2,tuktoyaktuk,69.4541,-133.0374,-2.2,84,100,8.05,CA,1669822636
3,la palma,33.8464,-118.0467,57.22,88,100,5.75,US,1669822637
4,lagoa,39.05,-27.9833,62.28,76,0,9.26,PT,1669822637
5,rikitea,-23.1203,-134.9692,72.23,72,100,12.39,PF,1669822638
6,qaanaaq,77.484,-69.3632,-21.48,82,11,5.84,GL,1669822638
7,zapolyarnyy,69.4154,30.8136,29.48,91,100,9.53,RU,1669822640
8,albany,42.6001,-73.9662,45.95,87,100,5.99,US,1669822527
9,sao joao da barra,-21.6403,-41.0511,78.89,85,100,16.51,BR,1669822641
10,pilar,-9.5972,-35.9567,80.53,78,100,7.76,BR,1669822642
11,saldanha,-33.0117,17.9442,77.05,79,36,11.9,ZA,1669822642
12,barabai,-2.5833,115.3833,74.03,98,100,1.81,ID,1669822643
13,hobart,-42.8794,147.3294,52.05,81,75,5.75,AU,1669822628
14,mataura,-46.1927,168.8643,41.05,81,45,3.44,NZ,1669822644
15,punta arenas,-53.15,-70.9167,53.62,50,75,25.32,CL,1669822644
16,butaritari,3.0707,172.7902,81.05,77,27,11.18,KI,1669822645
17,riyadh,24.6877,46.7219,75.34,26,54,8.52,SA,1669822645
18,chuy,-33.6971,-53.4616,81.09,59,71,14.12,UY,1669822646
19,yellowknife,62.456,-114.3525,-21.44,76,40,4.61,CA,1669822382
20,kavali,14.9167,79.9833,77.97,72,100,5.48,IN,1669822647
21,bongor,10.2806,15.3722,87.87,19,5,5.21,TD,1669822647
22,ushuaia,-54.8,-68.3,55.02,50,75,27.63,AR,1669822381
23,nome,64.5011,-165.4064,19.47,86,100,19.57,US,1669822406
24,hamilton,39.1834,-84.5333,36.75,66,0,19.57,US,1669822516
25,victoria,22.2855,114.1577,67.24,80,100,17.0,HK,1669822564
26,langenburg,49.2544,9.8458,43.77,96,100,9.22,DE,1669822649
27,laizhou,37.1717,119.9214,28.17,43,100,11.32,CN,1669822650
28,gatton,-27.55,152.2833,60.22,95,100,5.55,AU,1669822651
29,roseau,15.3017,-61.3881,86.65,48,20,5.75,DM,1669822651
30,port alfred,-33.5906,26.891,74.37,82,20,17.81,ZA,1669822652
31,san martin,-33.081,-68.4681,81.14,23,61,10.4,AR,1669822652
32,sao filipe,14.8961,-24.4956,77.0,61,50,8.08,CV,1669822652
33,clarksburg,39.2807,-80.3445,59.45,77,100,14.97,US,1669822653
34,saint george,37.1041,-113.5841,27.19,54,0,0.0,US,1669822653
35,grindavik,63.8424,-22.4338,49.95,100,100,24.16,IS,1669822654
36,salalah,17.0151,54.0924,80.69,74,20,5.75,OM,1669822654
37,lompoc,34.6391,-120.4579,47.59,96,100,6.91,US,1669822387
38,rawson,-43.3002,-65.1023,68.63,45,38,12.28,AR,1669822655
39,makakilo city,21.3469,-158.0858,71.98,86,0,4.61,US,1669822655
40,tiksi,71.6872,128.8694,-12.3,99,100,13.24,RU,1669822655
41,vaini,-21.2,-175.2,75.36,94,75,5.75,TO,1669822656
42,bengkulu,-3.8004,102.2655,76.71,87,99,5.17,ID,1669822656
43,khovu-aksy,51.1333,93.6,-19.07,91,59,3.69,RU,1669822657
44,metro,-5.1131,105.3067,74.7,85,96,6.29,ID,1669822657
45,jamestown,42.097,-79.2353,47.84,71,100,8.05,US,1669822626
46,leningradskiy,69.3833,178.4167,0.5,96,81,6.73,RU,1669822657
47,san vicente,-26.6167,-54.1333,87.46,36,84,1.61,AR,1669822658
48,luderitz,-26.6481,15.1594,68.79,66,3,16.96,NA,1669822658
49,sitka,57.0531,-135.33,24.69,28,0,9.22,US,1669822659
50,bajil,15.0584,43.2851,81.14,62,4,9.19,YE,1669822659
51,hithadhoo,-0.6,73.0833,81.82,72,65,7.67,MV,1669822659
52,barrow,71.2906,-156.7887,28.42,93,100,21.85,US,1669822660
53,olafsvik,64.8945,-23.7142,45.7,96,100,20.07,IS,1669822660
54,fortuna,40.5982,-124.1573,49.66,73,100,8.01,US,1669822660
55,ukiah,39.1502,-123.2078,42.93,91,0,0.0,US,1669822647
56,beringovskiy,63.05,179.3167,25.14,97,74,5.88,RU,1669822661
57,dicabisagan,17.0818,122.4157,78.06,88,85,3.96,PH,1669822661
58,puerto ayora,-0.7393,-90.3518,76.96,94,87,4.0,EC,1669822662
59,akureyri,65.6835,-18.0878,39.13,93,20,6.91,IS,1669822662
60,margate,51.3813,1.3862,47.89,91,99,1.99,GB,1669822662
61,luau,-10.7073,22.2247,70.63,87,100,3.0,AO,1669822663
62,atuona,-9.8,-139.0333,77.56,76,42,16.53,PF,1669822663
63,sechura,-5.5569,-80.8222,76.35,62,75,6.96,PE,1669822664
64,ginir,7.1333,40.7,58.21,37,32,1.95,ET,1669822664
65,hermanus,-34.4187,19.2345,72.81,75,16,7.92,ZA,1669822664
66,urumqi,43.801,87.6005,-6.65,84,98,2.24,CN,1669822665
67,touros,-5.1989,-35.4608,84.38,56,99,12.28,BR,1669822436
68,olhao,37.0286,-7.8411,60.69,71,20,8.05,PT,1669822666
69,pevek,69.7008,170.3133,-10.08,97,40,5.57,RU,1669822666
70,san cristobal,7.7669,-72.225,68.18,87,97,4.14,VE,1669822666
71,muros,42.7762,-9.0603,55.09,93,100,8.28,ES,1669822667
72,provideniya,64.3833,-173.3,28.67,97,100,8.28,RU,1669822667
73,horta,38.5333,-28.6333,65.84,82,40,4.61,PT,1669822668
74,bluff,-46.6,168.3333,49.71,71,79,14.25,NZ,1669822668
75,arraial do cabo,-22.9661,-42.0278,78.66,83,75,23.02,BR,1669822668
76,upernavik,72.7868,-56.1549,6.71,91,100,16.87,GL,1669822669
77,salinopolis,-0.6136,-47.3561,85.48,59,99,5.97,BR,1669822669
78,biak,-0.9131,122.8766,77.05,81,99,1.66,ID,1669822670
79,thinadhoo,0.5333,72.9333,81.59,66,28,7.45,MV,1669822670
80,beian,63.6559,9.5683,39.0,87,75,11.5,NO,1669822671
81,haines junction,60.7522,-137.5108,-29.25,75,57,1.14,CA,1669822671
82,broken hill,-31.95,141.4333,65.17,41,0,9.33,AU,1669822671
83,mar del plata,-38.0023,-57.5575,72.82,86,75,11.5,AR,1669822672
84,broadstairs,51.3591,1.4394,47.79,91,100,3.0,GB,1669822413
85,mackay,-21.15,149.2,69.67,96,100,7.78,AU,1669822673
86,ribeira grande,38.5167,-28.7,66.6,68,40,4.61,PT,1669822673
87,geraldton,-28.7667,114.6,68.41,73,100,10.36,AU,1669822674
88,bandarbeyla,9.4942,50.8122,79.18,72,0,15.35,SO,1669822674
89,busselton,-33.65,115.3333,60.57,94,13,7.76,AU,1669822675
90,hilo,19.7297,-155.09,80.28,88,100,3.44,US,1669822675
91,lebu,-37.6167,-73.65,57.9,63,8,20.58,CL,1669822675
92,fairbanks,64.8378,-147.7164,-1.39,80,100,3.44,US,1669822676
93,ayagoz,47.9714,80.4392,-5.31,82,100,5.86,KZ,1669822676
94,buchanan,5.8808,-10.0467,82.26,72,67,7.4,LR,1669822677
95,thompson,55.7435,-97.8558,-12.84,77,100,14.97,CA,1669822677
96,aksay,47.26,39.87,34.25,27,97,17.0,RU,1669822677
97,ylojarvi,61.5563,23.5961,30.11,96,100,2.3,FI,1669822678
98,anastasiyevskaya,45.2158,37.8926,43.29,58,19,17.43,RU,1669822678
99,faya,18.3851,42.4509,66.31,66,64,5.39,SA,1669822679
100,kampong chhnang,12.1667,104.55,78.76,75,66,1.03,KH,1669822679
101,banon,40.8382,-1.1909,52.86,71,100,10.36,ES,1669822679
102,erenhot,43.6475,111.9767,3.97,68,4,9.91,CN,1669822680
103,cabo san lucas,22.8909,-109.9124,69.1,72,20,6.91,MX,1669822472
104,chokurdakh,70.6333,147.9167,-8.16,99,100,4.99,RU,1669822680
105,bonavista,48.6499,-53.1147,27.3,78,95,15.28,CA,1669822681
106,kloulklubed,7.0419,134.2556,79.3,77,96,18.95,PW,1669822681
107,cape town,-33.9258,18.4232,78.12,53,0,9.22,ZA,1669822682
108,nishihara,26.1842,127.7558,66.25,91,100,17.27,JP,1669822682
109,avarua,-21.2078,-159.775,75.25,88,20,8.05,CK,1669822683
110,alugan,12.2188,125.4808,81.84,85,81,13.82,PH,1669822684
111,cairns,-16.9167,145.7667,77.07,100,100,1.14,AU,1669822684
112,assiniboia,49.6334,-105.9845,-0.58,85,95,0.0,CA,1669822468
113,hailar,49.2,119.7,-22.31,92,63,6.85,CN,1669822562
114,amahai,-3.3333,128.9167,77.99,87,100,4.65,ID,1669822685
115,oranjemund,-28.55,16.4333,66.02,75,4,13.27,NA,1669822686
116,hofn,64.2539,-15.2082,48.22,100,100,18.41,IS,1669822687
117,dunedin,-45.8742,170.5036,47.8,70,12,5.99,NZ,1669822424
118,mersing,2.4312,103.8405,76.91,94,40,4.61,MY,1669822688
119,georgetown,5.4112,100.3354,82.24,88,20,1.14,MY,1669822688
120,nivala,63.9167,24.9667,24.69,99,100,2.44,FI,1669822689
121,balkhash,46.844,74.9804,18.86,93,100,13.22,KZ,1669822689
122,mago,53.2514,140.1822,-8.72,96,98,4.5,RU,1669822690
123,tarrafal,15.2833,-23.7667,76.5,62,28,14.5,CV,1669822691
124,pemba,-12.974,40.5178,83.1,65,20,13.8,MZ,1669822691
125,puerto leguizamo,-0.1934,-74.7819,85.96,56,95,5.7,CO,1669822692
126,galesong,-5.3166,119.3661,75.22,84,100,4.97,ID,1669822694
127,montepuez,-13.1256,38.9997,85.19,34,100,5.1,MZ,1669822695
128,roald,62.5833,6.1333,46.76,81,40,11.5,NO,1669822696
129,grafton,42.207,-71.6856,50.16,80,100,9.22,US,1669822587
130,rosarito,32.3333,-117.0333,54.14,78,57,2.04,MX,1669822698
131,sahuaripa,29.05,-109.2333,63.23,26,93,1.81,MX,1669822699
132,port macquarie,-31.4333,152.9167,60.89,70,100,1.28,AU,1669822700
133,jalu,29.0331,21.5482,67.66,38,3,8.28,LY,1669822701
134,petropavlovsk-kamchatskiy,53.0452,158.6483,30.79,100,100,11.18,RU,1669822702
135,narsaq,60.9167,-46.05,28.62,87,93,4.07,GL,1669822702
136,severo-kurilsk,50.6789,156.125,32.56,80,85,13.65,RU,1669822703
137,castro,-24.7911,-50.0119,69.1,80,97,2.3,BR,1669822704
138,tanda,26.55,82.65,65.64,50,26,4.9,IN,1669822705
139,kapaa,22.0752,-159.319,71.92,82,40,6.91,US,1669822705
140,quelimane,-17.8786,36.8883,76.95,69,75,8.05,MZ,1669822706
141,longyearbyen,78.2186,15.6401,37.24,65,40,12.66,SJ,1669822706
142,vila franca do campo,37.7167,-25.4333,66.2,70,70,3.06,PT,1669822707
143,la ermita,20.4139,-101.9936,70.9,35,3,3.98,MX,1669822707
144,shakawe,-18.3667,21.85,93.49,17,6,8.61,BW,1669822708
145,port hardy,50.6996,-127.4199,26.78,93,75,3.44,CA,1669822707
146,caceres,39.522,-6.3748,52.21,62,94,3.69,ES,1669822708
147,kabare,-2.4683,28.8242,62.31,95,100,2.68,CD,1669822709
148,lashio,22.9333,97.75,62.47,87,0,1.41,MM,1669822709
149,raudeberg,61.9875,5.1352,43.47,72,58,8.79,NO,1669822710
150,kalmunai,7.4167,81.8167,78.35,85,42,6.08,LK,1669822710
151,deputatskiy,69.3,139.9,-17.54,100,100,2.26,RU,1669822710
152,nantucket,41.2835,-70.0995,57.34,85,100,17.27,US,1669822711
153,east london,-33.0153,27.9116,70.74,83,20,23.02,ZA,1669822711
154,coquimbo,-29.9533,-71.3436,65.93,77,100,10.36,CL,1669822712
155,mahebourg,-20.4081,57.7,77.29,69,20,8.05,MU,1669822712
156,grand gaube,-20.0064,57.6608,77.4,70,31,8.01,MU,1669822712
157,padang,-0.9492,100.3543,75.25,91,100,4.61,ID,1669822713
158,mitsamiouli,-11.3847,43.2844,84.49,58,20,3.44,KM,1669822713
159,thohoyandou,-22.9456,30.485,76.95,37,0,4.56,ZA,1669822714
160,lorengau,-2.0226,147.2712,81.45,80,50,6.96,PG,1669822714
161,new norfolk,-42.7826,147.0587,51.71,64,98,2.71,AU,1669822714
162,ilulissat,69.2167,-51.1,24.82,80,75,23.02,GL,1669822715
163,inyonga,-6.7167,32.0667,66.9,88,99,3.69,TZ,1669822715
164,iqaluit,63.7506,-68.5145,-20.31,75,20,6.91,CA,1669822588
165,hualmay,-11.0964,-77.6139,71.62,72,94,10.11,PE,1669822716
166,bredasdorp,-34.5322,20.0403,73.89,52,51,13.82,ZA,1669822716
167,gizo,-8.103,156.8419,81.84,78,94,6.62,SB,1669822717
168,dikson,73.5069,80.5464,22.84,96,100,9.53,RU,1669822717
169,havelock,34.8791,-76.9013,69.8,86,100,13.8,US,1669822717
170,puerto madryn,-42.7692,-65.0385,68.7,46,37,13.96,AR,1669822718
171,asau,46.4333,26.4,34.72,88,98,3.24,RO,1669822718
172,san antonio,29.4241,-98.4936,49.15,54,0,19.57,US,1669822578
173,hearst,49.6835,-83.6665,30.45,81,100,16.4,CA,1669822718
174,key west,24.5557,-81.7826,89.6,74,40,11.5,US,1669822605
175,fort frances,48.5999,-93.4003,13.15,81,100,14.97,CA,1669822719
176,vestmanna,62.1564,-7.1664,47.32,87,100,17.27,FO,1669822719
177,belomorsk,64.5232,34.7668,22.17,98,100,3.98,RU,1669822720
178,whitefish,48.4111,-114.3376,17.11,89,100,0.0,US,1669822702
179,kisangani,0.5167,25.2,72.84,89,100,1.74,CD,1669822720
180,faanui,-16.4833,-151.75,79.86,75,4,13.67,PF,1669822721
181,kahului,20.8947,-156.47,75.85,88,20,3.0,US,1669822721
182,souillac,-20.5167,57.5167,77.38,69,20,8.05,MU,1669822722
183,kasane,-17.8167,25.15,86.09,32,20,5.75,BW,1669822722
184,shitanjing,39.2342,106.3439,7.25,14,0,2.98,CN,1669822722
185,zhezkazgan,47.8043,67.7144,23.14,96,100,5.64,KZ,1669822723
186,taltal,-25.4,-70.4833,65.79,73,46,5.66,CL,1669822723
187,emborion,40.4833,21.55,41.36,96,100,5.35,GR,1669822723
188,garowe,8.4054,48.4845,80.85,38,0,15.68,SO,1669822724
189,honningsvag,70.9821,25.9704,35.35,75,100,19.57,NO,1669822724
190,progreso,21.2833,-89.6667,82.11,68,100,7.74,MX,1669822725
191,meulaboh,4.1363,96.1285,76.78,88,91,2.15,ID,1669822725
192,henties bay,-22.116,14.2845,63.72,79,4,14.34,NA,1669822726
193,bathsheba,13.2167,-59.5167,84.81,70,40,17.27,BB,1669822726
194,bambous virieux,-20.3428,57.7575,77.25,69,20,8.05,MU,1669822726
195,flinders,-34.5833,150.8552,55.26,82,90,4.34,AU,1669822727
196,agadez,19.75,10.25,71.55,25,92,5.57,NE,1669822727
197,kupang,-10.1667,123.5833,77.58,94,40,0.0,ID,1669822457
198,boda,4.3189,17.4695,83.66,39,85,2.44,CF,1669822728
199,berlevag,70.8578,29.0864,35.6,75,100,12.66,NO,1669822728
200,khatanga,71.9667,102.5,-39.91,100,33,1.21,RU,1669822728
201,vaitape,-16.5167,-151.75,79.88,75,4,13.62,PF,1669822708
202,saint-philippe,-21.3585,55.7679,78.39,76,71,8.61,RE,1669822729
203,belmonte,-15.8631,-38.8828,80.02,86,100,4.68,BR,1669822729
204,adeje,28.1227,-16.726,70.9,54,75,16.11,ES,1669822730
205,pizarro,4.9533,-77.366,79.14,79,94,4.61,CO,1669822730
206,naze,28.3667,129.4833,58.12,79,100,18.3,JP,1669822730
207,bud,39.447,-86.1758,31.75,70,10,18.75,US,1669822731
208,lata,40.1629,-8.3327,51.08,95,100,4.99,PT,1669822731
209,atar,20.5169,-13.0499,87.01,10,0,8.55,MR,1669822732
210,serov,59.6033,60.5787,5.2,97,90,2.48,RU,1669822732
211,carutapera,-1.195,-46.02,83.37,68,63,8.34,BR,1669822733
212,tasiilaq,65.6145,-37.6368,35.76,98,100,17.34,GL,1669822733
213,guaruja,-23.9931,-46.2564,80.83,74,75,3.44,BR,1669822734
214,chicla,-11.705,-76.2686,53.42,38,100,7.74,PE,1669822734
215,ponta do sol,32.6667,-17.1,74.01,64,7,1.01,PT,1669822734
216,esperance,-33.8667,121.9,65.46,64,53,10.94,AU,1669822735
217,altay,47.8667,88.1167,2.71,57,100,6.13,CN,1669822735
218,gazanjyk,39.2446,55.5154,43.39,26,100,14.09,TM,1669822736
219,lodja,-3.4833,23.4333,71.94,87,85,1.3,CD,1669822736
220,vredendal,-31.6683,18.5012,72.88,53,6,17.34,ZA,1669822736
221,merauke,-8.4667,140.3333,80.46,82,100,13.22,ID,1669822737
222,russell,32.3502,-85.1999,63.68,94,100,0.0,US,1669822737
223,iskateley,67.6803,53.1512,4.17,96,10,7.43,RU,1669822738
224,shingu,33.7333,135.9833,46.54,73,61,6.93,JP,1669822738
225,ende,-8.8432,121.6623,78.49,85,56,2.86,ID,1669822738
226,tottori,35.5,134.2333,46.35,66,100,10.45,JP,1669822739
227,hami,42.8,93.45,11.3,23,8,3.47,CN,1669822739
228,springbok,-29.6643,17.8865,78.28,31,6,13.87,ZA,1669822740
229,angoche,-16.2325,39.9086,76.15,82,86,16.17,MZ,1669822740
230,acapulco,16.8634,-99.8901,80.42,74,20,4.61,MX,1669822732
231,airai,-8.9266,125.4092,60.67,92,100,0.4,TL,1669822741
232,cortez,37.3489,-108.5859,26.04,67,0,5.75,US,1669822741
233,nikolskoye,59.7035,30.7861,24.69,86,100,4.32,RU,1669822742
234,constitucion,-35.3333,-72.4167,63.95,65,16,15.61,CL,1669822743
235,gao,16.6362,1.637,89.13,11,13,6.85,ML,1669822743
236,paranaiba,-19.6772,-51.1908,97.7,21,22,10.63,BR,1669822744
237,derzhavinsk,51.1,66.3167,11.43,83,100,12.3,KZ,1669822744
238,yulara,-25.2406,130.9889,71.87,19,0,9.24,AU,1669822745
239,smithers,54.7804,-127.1743,8.92,52,100,9.22,CA,1669822746
240,matadi,-5.8167,13.45,77.88,86,98,1.72,CD,1669822748
241,mbaiki,3.8678,17.9892,79.95,65,95,3.04,CF,1669822748
242,kiama,-34.6833,150.8667,64.0,81,81,4.34,AU,1669822749
243,traralgon,-38.1833,146.5333,46.42,98,33,1.97,AU,1669822749
244,verkhoyansk,67.5447,133.385,-23.53,100,100,2.01,RU,1669822750
245,saint-pierre,-21.3393,55.4781,78.48,69,20,5.75,RE,1669822750
246,giyon,8.5333,37.9833,60.67,32,18,11.25,ET,1669822751
247,high rock,26.6208,-78.2833,80.62,67,98,7.0,BS,1669822752
248,kavieng,-2.5744,150.7967,82.08,72,79,4.07,PG,1669822753
249,los llanos de aridane,28.6585,-17.9182,67.75,71,75,10.36,ES,1669822754
250,ekhabi,53.5102,142.9671,-3.14,90,85,20.09,RU,1669822754
251,bulgan,48.8125,103.5347,-10.64,88,30,3.2,MN,1669822755
252,sorland,67.667,12.6934,42.66,61,75,9.22,NO,1669822756
253,carnarvon,-24.8667,113.6333,70.29,81,0,16.15,AU,1669822756
254,poum,-20.2333,164.0167,80.85,83,70,11.86,NC,1669822757
255,okhotsk,59.3833,143.3,7.52,73,100,30.24,RU,1669822758
256,nohar,29.1833,74.7667,66.43,24,0,3.78,IN,1669822758
257,san policarpo,12.1791,125.5072,82.24,84,84,14.9,PH,1669822760
258,san patricio,28.017,-97.5169,55.27,49,3,21.21,US,1669822761
259,niamey,13.5137,2.1098,93.49,9,0,6.91,NE,1669822762
260,trairi,-3.2778,-39.2689,86.27,57,98,12.01,BR,1669822566
261,mumford,5.2618,-0.759,82.22,72,94,10.45,GH,1669822763
262,soeng sang,14.4264,102.4606,75.25,88,95,2.89,TH,1669822764
263,rapid city,44.0805,-103.231,20.86,65,0,5.75,US,1669822765
264,parkes,-33.1333,148.1833,62.35,69,100,9.04,AU,1669822766
265,bethel,41.3712,-73.414,52.54,84,100,8.05,US,1669822766
266,huallanca,-9.8993,-76.9417,59.22,40,60,0.56,PE,1669822767
267,lusambo,-4.9667,23.45,73.89,95,100,0.76,CD,1669822768
268,lahij,13.1667,44.5833,73.29,74,39,8.43,YE,1669822768
269,vanderhoof,54.0166,-124.0198,0.0,89,100,13.56,CA,1669822769
270,anadyr,64.75,177.4833,19.9,100,57,4.47,RU,1669822769
271,san juan del rio,20.3833,-100.0,60.73,48,58,8.86,MX,1669822770
272,iquitos,-3.7481,-73.2472,87.84,79,40,11.5,PE,1669822538
273,cockburn town,21.4612,-71.1419,84.16,58,40,16.11,TC,1669822770
274,lensk,60.7253,114.9278,0.79,93,100,12.15,RU,1669822771
275,klaksvik,62.2266,-6.589,49.12,89,99,27.45,FO,1669822771
276,bilma,18.6853,12.9164,74.32,23,29,7.38,NE,1669822772
277,kalabo,-14.97,22.6814,81.68,46,95,5.86,ZM,1669822772
278,tortoli,39.9256,9.6572,55.22,67,40,27.63,IT,1669822772
279,mananjary,-21.2167,48.3333,75.65,84,54,5.19,MG,1669822773
280,ciudad real,39.0,-4.0,56.14,56,92,4.0,ES,1669822773
281,wajima,37.4,136.9,40.73,88,100,17.72,JP,1669822774
282,rajura,19.7833,79.3667,65.73,52,1,1.86,IN,1669822774
283,opunake,-39.4556,173.8583,52.84,81,60,7.0,NZ,1669822775
284,hervey bay,-25.2986,152.8535,69.35,87,100,27.51,AU,1669822775
285,cidreira,-30.1811,-50.2056,72.75,86,76,17.29,BR,1669822775
286,neyshabur,36.2133,58.7958,49.37,49,100,3.62,IR,1669822776
287,pundaguitan,6.3711,126.1689,79.81,83,85,11.77,PH,1669822776
288,guachucal,0.9609,-77.7316,55.69,77,40,6.91,CO,1669822777
289,abnub,27.2696,31.1511,68.04,34,0,7.16,EG,1669822777
290,krumbach,48.2418,10.3632,39.24,88,100,5.48,DE,1669822778
291,saint-augustin,51.226,-58.6502,15.13,77,18,6.87,CA,1669822778
292,tarko-sale,64.9225,77.785,-14.49,97,22,5.21,RU,1669822778
293,sur,22.5667,59.5289,77.4,54,54,7.18,OM,1669822779
294,aiken,33.5835,-81.5998,62.51,96,100,11.5,US,1669822779
295,lakshmeshwar,15.1333,75.4667,71.73,40,1,9.13,IN,1669822780
296,kijang,35.2442,129.2139,31.73,36,71,6.64,KR,1669822780
297,norman wells,65.282,-126.8329,-18.36,76,75,3.44,CA,1669822780
298,peace river,56.2501,-117.286,-5.35,92,100,14.97,CA,1669822781
299,omsukchan,62.5333,155.8,-4.74,100,100,4.7,RU,1669822781
300,kununurra,-15.7667,128.7333,82.38,74,100,1.14,AU,1669822718
301,booue,-0.0921,11.9385,79.3,89,70,2.95,GA,1669822781
302,putina,-15.4667,-69.4333,49.89,36,0,8.7,PE,1669822782
303,micheweni,-4.9667,39.8333,79.29,81,95,7.31,TZ,1669822782
304,dingle,10.9995,122.6711,75.6,93,85,7.67,PH,1669822782
305,college,64.8569,-147.8028,-1.41,80,100,3.44,US,1669822783
306,ancud,-41.8697,-73.8203,55.71,51,13,10.18,CL,1669822783
307,spring valley,36.108,-115.245,46.36,39,0,8.05,US,1669822714
308,morondava,-20.2833,44.2833,78.93,71,61,10.71,MG,1669822784
309,innisfail,-17.5333,146.0333,75.36,92,100,4.21,AU,1669822784
310,poya,-21.35,165.15,78.62,86,68,4.34,NC,1669822784
311,tabivere,58.5542,26.5956,28.38,92,90,3.42,EE,1669822785
312,hay river,60.8156,-115.7999,-22.02,69,20,4.61,CA,1669822785
313,bar harbor,44.3876,-68.2039,46.11,78,100,14.97,US,1669822615
314,price,39.5994,-110.8107,15.06,52,0,0.0,US,1669822786
315,pombos,-8.1414,-35.3958,80.08,60,100,2.62,BR,1669822786
316,arona,28.0996,-16.681,66.72,54,75,16.11,ES,1669822787
317,torbay,47.6666,-52.7314,25.39,76,75,13.8,CA,1669822543
318,sao felix do xingu,-6.6447,-51.995,75.36,94,100,1.72,BR,1669822787
319,ixtapa,20.7,-105.2,67.23,83,0,3.44,MX,1669822788
320,inuvik,68.3499,-133.7218,0.36,84,100,4.61,CA,1669822788
321,kaitangata,-46.2817,169.8464,43.43,79,37,7.99,NZ,1669822788
322,evensk,61.95,159.2333,23.81,95,100,13.4,RU,1669822789
323,rio grande,-32.035,-52.0986,84.31,74,39,18.25,BR,1669822789
324,sanming,26.2486,117.6186,49.84,95,100,4.38,CN,1669822790
325,kulhudhuffushi,6.6221,73.07,82.06,68,36,5.23,MV,1669822790
326,contamana,-7.3333,-75.0167,95.31,39,23,6.8,PE,1669822791
327,san roque,36.2107,-5.3842,63.43,59,75,4.61,ES,1669822791
328,auki,-8.7676,160.7034,76.62,88,100,3.06,SB,1669822791
329,qaqortoq,60.7167,-46.0333,23.52,88,82,3.22,GL,1669822792
330,manggar,-2.8833,108.2667,80.04,80,100,4.9,ID,1669822792
331,kavaratti,10.5669,72.642,82.11,69,23,2.06,IN,1669822793
332,port elizabeth,-33.918,25.5701,78.1,73,75,23.02,ZA,1669822793
333,guarapari,-20.6667,-40.4975,76.26,90,92,9.75,BR,1669822794
334,bontang,0.1333,117.5,77.9,86,100,2.59,ID,1669822794
335,sobolevo,54.4299,31.8996,20.55,89,100,8.12,RU,1669822794
336,sancti spiritus,21.9297,-79.4425,84.54,63,38,9.04,CU,1669822795
337,saskylakh,71.9167,114.0833,-29.34,100,100,6.87,RU,1669822795
338,portland,45.5234,-122.6762,46.38,95,100,10.36,US,1669822152
339,vao,-22.6667,167.4833,77.54,84,49,6.46,NC,1669822796
340,carndonagh,55.25,-7.2667,51.42,89,96,9.01,IE,1669822796
341,taywarah,33.35,64.4167,39.74,33,87,1.61,AF,1669822796
342,grand-santi,4.25,-54.3833,89.22,51,90,3.49,GF,1669822797
343,isangel,-19.55,169.2667,79.11,82,97,5.91,VU,1669822797
344,juneau,58.3019,-134.4197,18.21,78,0,11.5,US,1669822798
345,pagudpud,18.5616,120.7868,79.14,87,59,15.9,PH,1669822798
346,ostrovnoy,68.0531,39.5131,26.28,95,90,12.57,RU,1669822798
347,parana,-31.732,-60.5238,94.12,24,74,16.08,AR,1669822799
348,strezhevoy,60.7333,77.5889,-18.38,98,46,1.86,RU,1669822799
349,tucurui,-3.7661,-49.6725,89.13,56,99,0.98,BR,1669822800
350,costinesti,43.95,28.6333,43.43,93,100,18.01,RO,1669822800
351,aklavik,68.2191,-135.0107,-2.2,78,100,2.3,CA,1669822800
352,kirkuk,35.4681,44.3922,60.19,76,100,7.18,IQ,1669822801
353,tsurugi,36.45,136.6333,42.3,96,100,8.95,JP,1669822801
354,egvekinot,66.3167,-179.1667,14.56,73,5,8.63,RU,1669822802
355,cherskiy,68.75,161.3,-8.03,89,100,2.82,RU,1669822803
356,imuris,30.7833,-110.8667,58.93,40,100,4.45,MX,1669822803
357,acarau,-2.8856,-40.12,86.7,58,100,11.86,BR,1669822804
358,rehoboth,-23.3167,17.0833,88.21,21,96,4.03,NA,1669822805
359,ketchikan,55.3422,-131.6461,21.67,35,0,9.22,US,1669822806
360,viedma,-40.8135,-62.9967,72.43,31,93,15.19,AR,1669822807
361,jiexiu,37.0244,111.9125,19.51,14,75,8.12,CN,1669822808
362,changji,44.0167,87.3167,-3.21,84,97,2.24,CN,1669822808
363,balagansk,54.0103,103.0544,2.82,77,100,13.09,RU,1669822810
364,camana,-16.6228,-72.7111,72.36,69,2,10.07,PE,1669822812
365,vila velha,-20.3297,-40.2925,80.55,78,100,12.66,BR,1669822698
366,beloha,-25.1667,45.05,72.27,86,100,7.58,MG,1669822813
367,rocha,-34.4833,-54.3333,87.96,41,5,10.42,UY,1669822814
368,namibe,-15.1961,12.1522,72.36,72,16,10.98,AO,1669822814
369,pontes e lacerda,-15.2261,-59.3353,97.99,29,37,8.14,BR,1669822815
370,abu dhabi,24.4667,54.3667,80.71,66,0,5.75,AE,1669822695
371,kaputa,-8.4689,29.6619,73.31,78,81,0.72,ZM,1669822817
372,saint anthony,45.0205,-93.218,17.98,71,100,21.85,US,1669822817
373,avera,33.194,-82.5271,60.85,97,100,9.78,US,1669822818
374,rumoi,43.9344,141.6428,22.59,81,98,28.34,JP,1669822819
375,tazovskiy,67.4667,78.7,-6.99,100,74,7.63,RU,1669822819
376,wageningen,51.9667,5.6667,45.1,93,75,6.91,NL,1669822820
377,hirara,24.8,125.2833,72.07,83,100,30.51,JP,1669822823
378,manadhoo,5.7667,73.3833,82.04,67,62,4.81,MV,1669822825
379,matagami,49.7502,-77.6328,30.31,93,100,20.71,CA,1669822826
380,moose factory,51.2585,-80.6094,33.78,93,100,11.5,CA,1669822826
381,bourail,-21.5667,165.4833,78.39,83,46,4.14,NC,1669822828
382,hokitika,-42.7167,170.9667,52.97,86,75,2.82,NZ,1669822829
383,dolores,-36.3132,-57.6792,81.36,54,100,13.76,AR,1669822805
384,pangkalanbuun,-2.6833,111.6167,74.7,97,100,2.33,ID,1669822830
385,jining,35.405,116.5814,23.65,24,100,4.45,CN,1669822709
386,bocas del toro,9.3333,-82.25,78.26,78,94,5.99,PA,1669822831
387,santa maria,-29.6842,-53.8069,85.3,54,0,8.05,BR,1669822831
388,tessalit,20.1986,1.0114,85.5,11,1,7.54,ML,1669822701
389,surt,31.2089,16.5887,64.9,47,0,14.0,LY,1669822832
390,korla,41.7597,86.1469,16.9,18,92,4.16,CN,1669822833
391,chumikan,54.7183,135.315,-5.3,73,100,23.33,RU,1669822833
392,puerto narino,-3.7703,-70.3831,90.36,51,72,5.28,CO,1669822833
393,kirgiz-miyaki,53.6324,54.7979,0.73,99,84,2.93,RU,1669822670
394,anchorage,61.2181,-149.9003,14.86,86,40,4.61,US,1669822271
395,lethem,3.3803,-59.7968,87.03,56,88,9.73,GY,1669822835
396,gobabis,-22.45,18.9667,90.88,14,9,16.35,NA,1669822836
397,kinna,57.5073,12.6946,39.74,87,100,5.48,SE,1669822836
398,bahia honda,22.9036,-83.1592,82.04,68,81,7.31,CU,1669822837
399,prince rupert,54.3161,-130.3201,24.49,44,100,25.32,CA,1669822837
400,hovd,48.0056,91.6419,-5.08,78,75,2.35,MN,1669822838
401,palmer,42.1584,-72.3287,49.86,81,100,3.0,US,1669822603
402,fort nelson,58.8053,-122.7002,-26.01,68,40,3.44,CA,1669822838
403,pimenta bueno,-11.6725,-61.1936,94.03,41,21,7.9,BR,1669822839
404,tura,25.5198,90.2201,63.39,81,1,3.4,IN,1669822839
405,ouahigouya,13.5828,-2.4216,92.75,9,37,7.07,BF,1669822840
406,tuatapere,-46.1333,167.6833,42.58,81,41,6.11,NZ,1669822840
407,arti,56.4234,58.5328,8.26,99,92,2.42,RU,1669822840
408,valley city,46.9233,-98.0032,7.32,72,40,19.57,US,1669822841
409,olinda,-8.0089,-34.8553,74.93,88,100,0.0,BR,1669822740
410,conde,-7.2597,-34.9075,83.66,61,75,10.36,BR,1669822841
411,camopi,3.1655,-52.3158,83.25,74,67,4.27,GF,1669822842
412,vardo,70.3705,31.1107,30.18,86,0,17.27,NO,1669822842
413,beni,0.5,29.4667,65.16,98,97,0.65,CD,1669822843
414,aripuana,-9.1667,-60.6333,96.66,36,44,4.72,BR,1669822843
415,manzhouli,49.6,117.4333,-15.25,82,23,11.45,CN,1669822843
416,kuching,1.55,110.3333,80.02,92,20,2.3,MY,1669822739
417,tamandare,-8.7597,-35.1047,78.93,74,100,6.71,BR,1669822844
418,kovur,14.4833,79.9833,76.93,76,88,5.41,IN,1669822845
419,talcahuano,-36.7167,-73.1167,62.28,59,40,9.22,CL,1669822845
420,arlit,18.7369,7.3853,83.19,12,40,3.78,NE,1669822845
421,zigong,29.3416,104.7769,39.4,92,100,6.04,CN,1669822846
422,verkh-usugli,52.7,115.1667,-19.7,90,14,3.67,RU,1669822846
423,mahanoro,-19.9,48.8,76.84,80,35,9.89,MG,1669822847
424,atasu,48.6814,71.6433,17.17,96,100,8.97,KZ,1669822847
425,dakar,14.6937,-17.4441,87.93,37,8,11.5,SN,1669822848
426,ahipara,-35.1667,173.1667,58.78,65,83,15.57,NZ,1669822848
427,weston,26.1004,-80.3998,85.01,73,56,8.99,US,1669822848
428,novoulyanovsk,54.1496,48.3891,13.55,87,18,6.11,RU,1669822849
429,batemans bay,-35.7167,150.1833,63.1,92,100,2.57,AU,1669822849
430,povorino,51.1945,42.2457,24.69,53,28,7.43,RU,1669822850
431,porto velho,-8.7619,-63.9039,87.85,66,40,6.91,BR,1669822711
432,miri,4.4148,114.0089,80.74,83,40,5.75,MY,1669822850
433,bubaque,11.2833,-15.8333,81.57,57,10,8.79,GW,1669822851
434,kropotkin,45.4375,40.5756,38.98,61,11,24.72,RU,1669822851
435,kayerkan,69.3497,87.7602,-4.72,98,100,4.72,RU,1669822852
436,esna,25.2934,32.554,75.22,28,100,1.23,EG,1669822852
437,santo antonio do ica,-3.1022,-67.9397,90.46,53,89,4.76,BR,1669822853
438,baley,51.6,116.6333,-26.61,95,20,4.76,RU,1669822853
439,elizabeth city,36.2946,-76.2511,62.02,96,100,6.91,US,1669822853
440,ilo,-17.6394,-71.3375,72.46,68,0,10.36,PE,1669822854
441,umm lajj,25.0213,37.2685,77.5,49,100,12.84,SA,1669822854
442,ulaangom,49.9811,92.0667,-16.1,92,74,3.65,MN,1669822855
443,karratha,-20.7377,116.8463,81.84,55,28,9.28,AU,1669822596
444,oussouye,12.485,-16.5469,95.18,28,30,7.02,SN,1669822855
445,ulladulla,-35.35,150.4667,54.63,88,90,3.31,AU,1669822856
446,wilmington,34.2257,-77.9447,67.91,85,100,29.93,US,1669822711
447,aksarka,66.5606,67.7975,-7.56,97,16,2.35,RU,1669822856
448,panjab,34.388,67.0233,29.97,58,59,3.02,AF,1669822857
449,liverpool,53.4106,-2.9779,41.65,93,100,10.36,GB,1669822718
450,san carlos de bariloche,-41.1456,-71.3082,56.95,28,0,16.11,AR,1669822857
451,krasnoselkup,65.7,82.4667,-7.31,100,90,8.14,RU,1669822858
452,pisco,-13.7,-76.2167,73.45,68,20,8.05,PE,1669822858
453,valparaiso,-33.0393,-71.6273,69.01,74,75,9.22,CL,1669822858
454,namatanai,-3.6667,152.4333,79.29,80,93,2.53,PG,1669822859
455,chapais,49.7834,-74.8492,22.78,92,100,19.98,CA,1669822859
456,baracoa,20.3467,-74.4958,83.21,63,45,11.54,CU,1669822860
457,marawi,7.9986,124.2928,67.71,94,100,1.43,PH,1669822860
458,kadiri,14.1167,78.1667,69.55,61,52,2.93,IN,1669822860
459,cururupu,-1.8283,-44.8683,93.02,42,84,4.34,BR,1669822861
460,laguna,38.421,-121.4238,48.02,90,0,3.44,US,1669822861
461,sambava,-14.2667,50.1667,75.72,84,6,2.73,MG,1669822862
462,jonkoping,57.7814,14.1562,39.38,93,75,3.44,SE,1669822863
463,conway,35.0887,-92.4421,40.24,58,0,9.22,US,1669822864
464,qasigiannguit,68.8193,-51.1922,25.05,93,100,6.4,GL,1669822864
465,ishigaki,24.3448,124.1572,68.13,100,75,23.02,JP,1669822865
466,turukhansk,65.8167,87.9833,-1.41,98,100,8.84,RU,1669822865
467,te anau,-45.4167,167.7167,39.4,91,12,1.68,NZ,1669822867
468,morros,-9.4467,-46.3003,73.67,83,100,5.17,BR,1669822868
469,maputo,-25.9653,32.5892,78.48,57,20,14.97,MZ,1669822868
470,yanam,16.7333,82.2167,74.35,85,7,3.8,IN,1669822869
471,vieques,18.425,-65.8329,83.71,67,11,13.49,PR,1669822869
472,rosetown,51.5501,-108.0014,1.38,78,100,8.05,CA,1669822870
473,post falls,47.718,-116.9516,28.81,93,100,4.0,US,1669822770
474,burns lake,54.2331,-125.7533,-0.98,86,100,14.16,CA,1669822871
475,douglas,41.3,-96.167,20.59,64,0,11.5,US,1669822871
476,kuldiga,56.974,21.9572,33.49,94,100,4.32,LV,1669822872
477,florianopolis,-27.6146,-48.5012,72.63,91,100,13.8,BR,1669822872
478,la grande,45.3246,-118.0877,35.24,85,100,17.49,US,1669822874
479,mount isa,-20.7333,139.5,78.57,17,3,10.36,AU,1669822874
480,murgab,37.4966,61.9714,51.67,66,75,13.8,TM,1669822875
481,boden,65.8252,21.6886,32.0,99,100,2.19,SE,1669822876
482,siocon,7.7061,122.1353,77.81,91,98,3.02,PH,1669822876
483,kamaishi,39.2667,141.8833,36.66,61,64,5.66,JP,1669822877
484,sibut,5.718,19.0739,84.38,34,100,1.97,CF,1669822877
485,noumea,-22.2763,166.4572,81.0,99,30,4.72,NC,1669822849
486,pomabamba,-8.8333,-77.4667,62.31,48,98,4.38,PE,1669822879
487,sao miguel do araguaia,-13.275,-50.1628,82.8,66,92,8.61,BR,1669822880
488,raga,8.4596,25.678,89.74,27,100,3.91,SS,1669822885
489,hibbing,47.4272,-92.9377,11.8,45,100,12.66,US,1669822886
490,alofi,-19.0595,-169.9187,73.29,94,82,4.61,NU,1669822886
491,sinegorye,62.0788,150.477,-20.67,99,100,6.15,RU,1669822887
492,sibolga,1.7427,98.7792,76.62,86,100,2.86,ID,1669822888
493,praia,14.9215,-23.5087,77.63,58,69,13.65,CV,1669822613
494,altoona,40.5187,-78.3947,51.24,90,100,5.01,US,1669822843
495,aleksandrovskiy zavod,50.9237,117.9374,-28.5,97,38,4.52,RU,1669822888
496,yuanping,38.7153,112.7575,13.42,20,1,4.47,CN,1669822889
497,boa viagem,-5.1275,-39.7322,91.26,40,96,1.77,BR,1669822889
498,alcaudete,37.5909,-4.0824,60.17,36,100,3.89,ES,1669822890
499,kenai,60.5544,-151.2583,-9.31,92,0,4.61,US,1669822890
500,jiangyou,31.7667,104.7167,39.4,80,99,3.06,CN,1669822891
501,port hedland,-20.3167,118.5667,82.45,74,34,9.22,AU,1669822891
502,santarem,-2.4431,-54.7083,86.13,74,40,10.36,BR,1669822891
503,brae,60.3964,-1.353,48.9,80,100,18.34,GB,1669822892
504,saurimo,-9.6608,20.3916,73.09,84,97,2.62,AO,1669822892
505,reconquista,-29.15,-59.65,99.59,20,33,3.13,AR,1669822893
506,caravelas,-17.7125,-39.2481,80.96,79,97,9.48,BR,1669822893
507,alice springs,-23.7,133.8833,60.35,48,0,6.91,AU,1669822894
508,ust-kuyga,70.0167,135.6,-12.86,96,100,9.15,RU,1669822894
509,flin flon,54.7682,-101.865,-11.67,87,65,7.23,CA,1669822895
510,colquechaca,-18.6667,-66.0167,48.31,15,1,4.63,BO,1669822895
511,nanding,36.7483,118.0558,24.19,14,99,4.18,CN,1669822896
512,razole,16.4833,81.8333,73.94,81,12,3.74,IN,1669822896
513,bondoukou,8.0333,-2.8,91.92,34,100,3.15,CI,1669822896
514,coos bay,43.3665,-124.2179,49.98,94,100,17.27,US,1669822799
515,havre-saint-pierre,50.2334,-63.5986,12.2,78,100,9.22,CA,1669822897
516,marquette,46.5333,-87.6335,25.83,71,99,17.49,US,1669822897
517,cayenne,4.9333,-52.3333,86.04,66,40,12.66,GF,1669822898
518,tayu,-6.5397,111.0518,76.89,88,100,7.05,ID,1669822898
519,marrakesh,31.6315,-8.0083,73.47,25,40,10.36,MA,1669822899
520,tommot,58.9564,126.2925,-13.74,92,100,9.69,RU,1669822899
521,trabzon,40.9167,39.8333,53.69,82,75,3.44,TR,1669822843
522,houma,29.5958,-90.7195,72.0,89,55,14.0,US,1669822899
523,ossora,59.2353,163.0719,33.22,99,100,22.03,RU,1669822900
524,ponta delgada,37.7333,-25.6667,66.51,77,75,5.75,PT,1669822900
525,pauini,-7.7136,-66.9764,94.03,42,98,6.51,BR,1669822900
526,kidal,18.4411,1.4078,86.92,11,12,2.8,ML,1669822901
527,firminopolis,-16.5819,-50.305,89.17,39,19,13.38,BR,1669822901
528,ialibu,-6.2821,143.9935,56.5,95,100,2.21,PG,1669822902
529,lavrentiya,65.5833,-171.0,29.93,97,100,8.77,RU,1669822902
530,erzin,36.9559,36.2,60.44,72,99,3.87,TR,1669822902
531,chengde,40.9725,117.9361,14.36,34,0,11.12,CN,1669822733
532,westport,41.1415,-73.3579,55.74,87,100,6.91,US,1669822903
533,kruisfontein,-34.0033,24.7314,75.88,52,42,8.95,ZA,1669822903
534,phek,25.6667,94.5,53.29,95,77,1.57,IN,1669822904
535,araouane,18.9048,-3.5265,84.9,11,3,5.95,ML,1669822904
536,freeport,40.6576,-73.5832,55.96,83,100,16.11,US,1669822640
537,cartagena,10.3997,-75.5144,82.02,83,75,9.22,CO,1669822801
538,plymouth,41.8334,-70.8328,56.01,82,100,8.05,US,1669822871
539,muhos,64.808,25.9931,27.9,98,100,3.2,FI,1669822905
540,dukat,62.55,155.55,-4.18,99,100,2.93,RU,1669822905
541,castanos,26.7833,-101.4167,55.35,61,75,0.0,MX,1669822906
542,porto novo,6.4965,2.6036,87.62,64,79,8.84,BJ,1669822827
543,cabedelo,-6.9811,-34.8339,84.87,61,100,10.96,BR,1669822906
544,nouadhibou,20.931,-17.0347,67.69,65,8,19.8,MR,1669822907
545,sorong,-0.8833,131.25,79.86,81,97,4.34,ID,1669822907
546,sikonge,-5.6333,32.7667,72.14,66,91,3.58,TZ,1669822907
547,mehamn,71.0357,27.8492,35.55,87,100,9.22,NO,1669822908
548,chapadinha,-3.7417,-43.3603,90.16,48,93,1.63,BR,1669822908
549,wanning,18.8003,110.3967,76.06,90,44,10.11,CN,1669822909
550,vanimo,-2.6741,141.3028,78.04,86,93,3.71,PG,1669822909
551,salinas,36.6777,-121.6555,45.07,77,0,9.22,US,1669822898
552,seoul,37.5683,126.9778,22.44,52,0,11.5,KR,1669822619
553,clyde river,70.4692,-68.5914,-28.97,68,0,5.75,CA,1669822910
554,kankan,10.3854,-9.3057,94.01,20,50,2.3,GN,1669822910
555,onguday,50.75,86.15,-1.52,96,100,0.58,RU,1669822910
556,tautira,-17.7333,-149.15,78.08,81,27,13.96,PF,1669822911
557,north platte,41.1239,-100.7654,4.89,78,0,4.61,US,1669822860
558,omboue,-1.5746,9.2618,80.53,77,78,7.07,GA,1669822911
559,alekseyevka,50.6309,38.6903,27.43,57,100,13.18,RU,1669822912
